Neighbourhood,AREA_CODE,Total Area,Total Population,Pop - Males,Pop - Females,Pop 0 - 4 years,Pop 5 - 9 years,Pop 10 - 14 years,Pop 15 -19 years,Pop 20 - 24 years,Pop  25 - 29 years,Pop 30 - 34 years,Pop 35 - 39 years,Pop 40 - 44 years,Pop 45 - 49 years,Pop 50 - 54 years,Pop 55 - 59 years,Pop 60 - 64 years,Pop 65 - 69 years,Pop 70 - 74 years,Pop 75 - 79 years,Pop 80 - 84 years,Pop 85 years and over,Seniors 55 and over,Seniors 65 and over,Child 0-14,Youth 15-24,Home Language Category,   Language - Chinese,   Language - Italian,   Language - Korean,   Language - Persian (Farsi),   Language - Portuguese,   Language - Russian,   Language - Spanish,   Language - Tagalog,   Language - Tamil,   Language - Urdu,Linguistic Diversity,Debt Risk Score,Home Prices,Population Density
West Humber-Clairville,1,30.09,34100,0.501319648,0.498533724,0.054692082,0.057184751,0.063196481,0.074780059,0.08372434,0.080791789,0.069208211,0.063782991,0.07170088,0.074633431,0.069208211,0.057917889,0.052199413,0.039442815,0.031378299,0.026246334,0.017155425,0.01202346,0.237390029,0.126979472,0.174780059,0.158357771,0.944721408,0.013929619,0.0271261,0.002785924,0.004692082,0.00601173,0.000439883,0.032258065,0.024926686,0.020967742,0.020967742,0.78404841,0.439393939,0.171710966,0.035414958
Mount Olive-Silverstone-Jamestown,2,4.6,32790,0.488411101,0.511283928,0.07853004,0.077310156,0.077920098,0.079902409,0.073193047,0.071210735,0.071820677,0.07715767,0.076242757,0.072278134,0.062519061,0.049100335,0.04147606,0.032174443,0.023635255,0.018450747,0.010369015,0.005184507,0.181000305,0.090118939,0.233760293,0.15294297,0.94967978,0.008386703,0.022872827,0.001829826,0.010673986,0.003507167,0.001524855,0.025007624,0.0105215,0.043305886,0.032784385,0.901630892,0.196969697,0.135807243,0.51851363
Thistletown-Beaumond Heights,3,3.4,10140,0.485207101,0.515285996,0.056706114,0.057199211,0.066074951,0.066568047,0.066568047,0.066568047,0.059171598,0.063116371,0.0734714,0.076923077,0.068047337,0.055719921,0.050788955,0.041420118,0.036489152,0.039940828,0.028599606,0.025641026,0.278599606,0.171597633,0.178994083,0.133136095,0.932445759,0.009368836,0.069526627,0.003451677,0.011341223,0.01035503,0.00147929,0.056213018,0.012820513,0.01183432,0.029585799,0.824155206,0.431818182,0.224011456,0.289607254
Rexdale-Kipling,4,2.5,10485,0.480209824,0.520267048,0.0472103,0.049594659,0.054363376,0.063423939,0.061993324,0.061516452,0.057224607,0.061516452,0.071053887,0.078683834,0.082498808,0.067715784,0.060085837,0.043395327,0.039580353,0.036719123,0.034334764,0.028612303,0.309489747,0.181688126,0.151645207,0.125417263,0.939914163,0.009060563,0.045302814,0.00286123,0.009060563,0.01382928,0.00286123,0.066762041,0.017167382,0.006676204,0.020505484,0.65676453,0.454545455,0.212143418,0.379173397
Elms-Old Rexdale,5,2.9,9550,0.483246073,0.516753927,0.070157068,0.07539267,0.07539267,0.07591623,0.068586387,0.059685864,0.062303665,0.062827225,0.078534031,0.07539267,0.07434555,0.057068063,0.04973822,0.036649215,0.027748691,0.02460733,0.015183246,0.010471204,0.220942408,0.115183246,0.220942408,0.144502618,0.962303665,0.009424084,0.053403141,0.005759162,0.029842932,0.008376963,0.003141361,0.070157068,0.020418848,0.006282723,0.014659686,0.695878091,0.234848485,0.12645829,0.315645683
Kingsview Village-The Westway,6,5.1,21725,0.47456847,0.52543153,0.069735328,0.067663982,0.068124281,0.067203682,0.066052934,0.063751438,0.059148446,0.065132336,0.06858458,0.075028769,0.065822785,0.056156502,0.050402762,0.038895282,0.035903337,0.03452244,0.027848101,0.020253165,0.263521289,0.156731876,0.20575374,0.134637514,0.959493671,0.014499425,0.060299194,0.008515535,0.021864212,0.014039125,0.006904488,0.044649022,0.011737629,0.009896433,0.059148446,0.86974379,0.424242424,0.158381664,0.383263189
Willowridge-Martingrove-Richview,7,5.5,21345,0.477395175,0.522136332,0.052002811,0.050128836,0.055985008,0.061841181,0.063480909,0.057858983,0.051768564,0.055750761,0.068400094,0.073553525,0.076598735,0.063480909,0.057156243,0.043335676,0.042632935,0.048020614,0.041930194,0.035605528,0.330756617,0.211056454,0.15999063,0.124619349,0.967673928,0.018271258,0.081752167,0.014991801,0.004919185,0.01733427,0.006090419,0.035605528,0.011712345,0.00679316,0.022721949,0.739380707,0.674242424,0.276697543,0.358791552
Humber Heights-Westmount,8,2.8,10580,0.448015123,0.551984877,0.046786389,0.046786389,0.04584121,0.058128544,0.050094518,0.049149338,0.052930057,0.055293006,0.063327032,0.075614367,0.070888469,0.061909263,0.056238185,0.043478261,0.047731569,0.052457467,0.053875236,0.070888469,0.38657845,0.269376181,0.138941399,0.108223062,0.919187146,0.006616257,0.103024575,0.008034026,0.004253308,0.029773157,0.018903592,0.038279773,0.003780718,0.00047259,0.005198488,0.812304095,0.696969697,0.265751042,0.351771264
Edenbridge-Humber Valley,9,5.5,14945,0.473402476,0.526262964,0.038139846,0.050518568,0.057209769,0.06022081,0.06423553,0.06122449,0.049849448,0.055202409,0.069923051,0.081967213,0.083640013,0.076279692,0.06390097,0.048176648,0.039478086,0.037805286,0.032452325,0.030110405,0.325861492,0.18534627,0.145868183,0.12445634,0.978253597,0.015055202,0.06022081,0.012713282,0.00267648,0.020742723,0.023753764,0.049849448,0.007025761,0.00033456,0.00100368,0.681695407,0.757575758,0.472270595,0.265153964
Princess-Rosethorn,10,5.2,11200,0.488392857,0.511607143,0.036160714,0.054464286,0.065625,0.084821429,0.071428571,0.038392857,0.033035714,0.041071429,0.06875,0.093303571,0.095535714,0.082589286,0.063392857,0.045089286,0.035267857,0.033035714,0.029910714,0.028571429,0.317857143,0.172321429,0.155803571,0.15625,0.979017857,0.029017857,0.041517857,0.021875,0.00625,0.012946429,0.009821429,0.009821429,0.005803571,0.001785714,0.003125,0.513971784,0.984848485,0.525486133,0.204109035
Eringate-Centennial-West Deane,11,8.6,18805,0.477798458,0.522999202,0.044137198,0.044934858,0.057697421,0.072852965,0.062749269,0.049986706,0.045466631,0.048923159,0.072055304,0.086944961,0.088274395,0.072321191,0.061419835,0.047061952,0.044668971,0.044668971,0.032704068,0.024727466,0.327838341,0.194097315,0.146503589,0.135336347,0.973677214,0.030576974,0.034033502,0.021005052,0.003190641,0.025525126,0.017282638,0.024993353,0.011699016,0.003456528,0.008242489,0.702976453,0.863636364,0.228780304,0.208077259
Markland Wood,12,2.9,10435,0.465740297,0.535218016,0.032103498,0.045519885,0.052228079,0.056540489,0.055103019,0.046957355,0.036895065,0.043603258,0.067081936,0.08241495,0.087206517,0.07954001,0.067081936,0.056540489,0.048873982,0.053186392,0.047436512,0.040249161,0.393866794,0.246765692,0.129851461,0.112122664,0.972208912,0.021562051,0.020124581,0.017249641,0.002395783,0.013895544,0.017249641,0.012458074,0.007666507,0.00143747,0.00143747,0.609025737,0.924242424,0.273297481,0.338927461
Etobicoke West Mall,13,1.7,10925,0.466819222,0.533638444,0.053546911,0.051716247,0.057665904,0.06590389,0.064530892,0.059496568,0.057208238,0.064073227,0.072768879,0.084210526,0.079633867,0.064073227,0.052173913,0.033867277,0.033867277,0.034782609,0.033409611,0.039816934,0.290160183,0.173913043,0.162471396,0.129519451,0.930892449,0.025171625,0.012814645,0.018764302,0.012356979,0.016475973,0.018306636,0.03798627,0.028832952,0.013729977,0.01784897,0.810112227,0.583333333,0.161391262,0.491286752
Islington-City Centre West,14,16.4,38070,0.473732598,0.52679275,0.050827423,0.041765169,0.04307854,0.052928815,0.060809036,0.077094825,0.081034936,0.074468085,0.072104019,0.079327555,0.073942737,0.066587864,0.053979511,0.040057788,0.034410297,0.032440242,0.031520883,0.033096927,0.292487523,0.172182821,0.135671132,0.11334384,0.956658786,0.027843446,0.029550827,0.034541634,0.006566851,0.02153927,0.020751248,0.02547938,0.018518519,0.005384817,0.009324928,0.764326586,0.712121212,0.26590355,0.223782788
Kingsway South,15,2.6,9175,0.471934605,0.528065395,0.050681199,0.06866485,0.069209809,0.057765668,0.052861035,0.033242507,0.037057221,0.055040872,0.08119891,0.086648501,0.079019074,0.075749319,0.067029973,0.049046322,0.038692098,0.03760218,0.028882834,0.033242507,0.328065395,0.184741144,0.18746594,0.110626703,0.988010899,0.010899183,0.023978202,0.007084469,0.004359673,0.010354223,0.00653951,0.010899183,0.00599455,0.000544959,0.000544959,0.214763443,1,0.509021223,0.333809019
Stonegate-Queensway,16,7.9,24690,0.483394087,0.516200891,0.056500608,0.050020251,0.051235318,0.052450385,0.048197651,0.051437829,0.063791009,0.075536655,0.080599433,0.088699878,0.085864723,0.072498987,0.061360875,0.038072094,0.033616849,0.030579182,0.025718915,0.033414338,0.295463751,0.161401377,0.157756177,0.099837991,0.971243418,0.013365735,0.030579182,0.005467801,0.002632645,0.022478736,0.025718915,0.018428514,0.010530579,0.001012556,0.001417578,0.625809746,0.75,0.373670964,0.30190773
Mimico,17,6.9,26550,0.486817326,0.513182674,0.048022599,0.032956685,0.030885122,0.036723164,0.051224105,0.078907721,0.096610169,0.088700565,0.077777778,0.088323917,0.084369115,0.074011299,0.064030132,0.048587571,0.03653484,0.025988701,0.020715631,0.015630885,0.285875706,0.148210923,0.111864407,0.088323917,0.966666667,0.028436911,0.025423729,0.008851224,0.005838041,0.022222222,0.027683616,0.029190207,0.017890772,0.001694915,0.001506591,0.622199999,0.606060606,0.232515667,0.356542539
New Toronto,18,3.5,10905,0.486015589,0.513525906,0.051811096,0.042182485,0.04172398,0.056396149,0.071068317,0.069234296,0.074277854,0.078862907,0.078404402,0.088491518,0.082072444,0.071526823,0.057313159,0.038514443,0.03301238,0.027510316,0.015589179,0.021549748,0.266850069,0.136176066,0.137093077,0.127005961,0.958734525,0.014213663,0.006877579,0.010545621,0.001834021,0.013296653,0.014672169,0.022008253,0.027051811,0.002751032,0.003209537,0.495720885,0.439393939,0.24921042,0.301099368
Long Branch,19,2.3,9630,0.492731049,0.507788162,0.049844237,0.043613707,0.044132918,0.049844237,0.067497404,0.065420561,0.068535826,0.075285566,0.078920042,0.09761163,0.09086189,0.075804777,0.065420561,0.040498442,0.029595016,0.020249221,0.01973001,0.016095535,0.26635514,0.125129803,0.13655244,0.118899273,0.968847352,0.011422638,0.010903427,0.002596054,0.003115265,0.016614746,0.018172378,0.028037383,0.023364486,0.001557632,0.003115265,0.478871371,0.477272727,0.248278607,0.37873184
Alderwood,20,5,11900,0.484453782,0.51512605,0.051260504,0.041596639,0.046638655,0.054621849,0.057563025,0.057142857,0.070168067,0.065546218,0.074789916,0.088655462,0.089915966,0.074369748,0.060084034,0.042016807,0.033193277,0.034033613,0.029831933,0.027310924,0.302521008,0.167226891,0.139495798,0.111344538,0.971848739,0.01512605,0.049579832,0.003361345,0.001680672,0.035714286,0.015966387,0.013445378,0.021848739,0.001260504,0.000840336,0.571423771,0.78030303,0.272693398,0.230338575
Humber Summit,21,7.9,12530,0.493216281,0.505985634,0.057462091,0.058260176,0.068236233,0.070231445,0.068635275,0.061851556,0.062250599,0.066241022,0.069034318,0.077414206,0.057063049,0.05027933,0.049481245,0.046288907,0.050678372,0.045889864,0.026336792,0.011572227,0.28292099,0.181165204,0.184756584,0.139265762,0.961292897,0.009976057,0.177174781,0.001197127,0.008379888,0.0103751,0.001197127,0.051875499,0.006783719,0.0103751,0.092577813,0.901199399,0.409090909,0.191652191,0.123724375
Humbermede,22,4.4,15850,0.485804416,0.514195584,0.070977918,0.064984227,0.06340694,0.069400631,0.07318612,0.070662461,0.072239748,0.069400631,0.075078864,0.076025237,0.068138801,0.052050473,0.047949527,0.032807571,0.033123028,0.027760252,0.019242902,0.013564669,0.226498423,0.126182965,0.200315457,0.142902208,0.948895899,0.017350158,0.080126183,0.007255521,0.002523659,0.007255521,0.001577287,0.1,0.020820189,0.014195584,0.065930599,0.861284587,0.257575758,0.170203733,0.339219101
Pelmo Park-Humberlea,23,4.2,8705,0.482481333,0.517518667,0.054566341,0.053991959,0.060884549,0.071223435,0.059161401,0.055140724,0.056863871,0.065479609,0.076392878,0.086157381,0.080413555,0.062033314,0.048248133,0.039632395,0.049971281,0.037334865,0.025272832,0.018380241,0.283170592,0.172889144,0.169442849,0.131533601,0.962665135,0.019529006,0.172889144,0.002871913,0.003446295,0.047099368,0.000574383,0.069500287,0.013785181,0.013210798,0.002871913,0.720881951,0.560606061,0.223147245,0.194010228
Black Creek,24,3.4,22060,0.465095195,0.53467815,0.081822303,0.077969175,0.071849501,0.075929284,0.077289211,0.073889393,0.063689937,0.063236627,0.071169538,0.06980961,0.064823209,0.049637353,0.041704442,0.034451496,0.030145059,0.023345422,0.015412511,0.012692656,0.207615594,0.116500453,0.23118767,0.153671804,0.950815956,0.033771532,0.047597461,0.001133273,0.004306437,0.00543971,0.004759746,0.0593835,0.014052584,0.032864914,0.008386219,0.793820871,0,0.127167289,0.493799518
Glenfield-Jane Heights,25,5.2,31395,0.469979296,0.529861443,0.067208154,0.068004459,0.072941551,0.077878643,0.067048893,0.065297022,0.059404364,0.060678452,0.06959707,0.07278229,0.069278548,0.052237617,0.047459787,0.038859691,0.037904125,0.035355948,0.024366937,0.01385571,0.249721293,0.150820194,0.209109731,0.144768275,0.958114349,0.046026437,0.110686415,0.001274088,0.006848224,0.011307533,0.002866699,0.1176939,0.01544832,0.01544832,0.003981526,0.835037302,0.128787879,0.164547419,0.474884847
Downsview-Roding-CFB,26,14.9,34650,0.481962482,0.518470418,0.064069264,0.054978355,0.055266955,0.059163059,0.063059163,0.071861472,0.076623377,0.068686869,0.074603175,0.080663781,0.073881674,0.058297258,0.047041847,0.037085137,0.036219336,0.034487734,0.025685426,0.017748918,0.257142857,0.151226551,0.174314574,0.122655123,0.96002886,0.021067821,0.145454545,0.002308802,0.005916306,0.024098124,0.005194805,0.1001443,0.045165945,0.005772006,0.003751804,0.801743108,0.234848485,0.216586158,0.224253359
York University Heights,27,13.2,27715,0.489987371,0.509651813,0.05935414,0.049972939,0.049792531,0.063142703,0.118347465,0.101569547,0.076492874,0.06494678,0.065668411,0.069998196,0.063142703,0.048168862,0.041493776,0.031390944,0.032112574,0.029767274,0.019664442,0.01425221,0.216850081,0.127909075,0.158939203,0.181850983,0.950387877,0.063142703,0.082265921,0.009561609,0.013350171,0.01028324,0.015515064,0.053220278,0.033555836,0.042395815,0.020927296,0.87897299,0.28030303,0.194351365,0.197410614
Rustic,28,2.1,9950,0.449748744,0.550753769,0.076884422,0.073366834,0.075376884,0.067336683,0.063819095,0.063316583,0.057788945,0.060301508,0.067336683,0.069849246,0.06080402,0.047236181,0.04120603,0.039698492,0.039698492,0.044723618,0.030150754,0.022110553,0.264321608,0.176884422,0.224623116,0.130653266,0.967336683,0.014070352,0.151758794,0.001005025,0.003015075,0.044221106,0.00201005,0.068341709,0.011055276,0.019095477,0.006532663,0.73859729,0.234848485,0.266857536,0.411217823
Maple Leaf,29,2.5,10195,0.484060814,0.515939186,0.05443845,0.048553212,0.055419323,0.054928887,0.056890633,0.062775871,0.065228053,0.065718489,0.078469838,0.078960275,0.071113291,0.053948014,0.049043649,0.043648847,0.048062776,0.049534085,0.0362923,0.025993134,0.304070623,0.201569397,0.160863168,0.111819519,0.942128494,0.00980873,0.225110348,0.001471309,0.001961746,0.047081903,0.003923492,0.066699362,0.039234919,0.010299166,0.006866111,0.838955576,0.454545455,0.292437228,0.371805071
Brookhaven-Amesbury,30,3.5,17785,0.467528816,0.532471184,0.073938712,0.062412145,0.063536688,0.069159404,0.068315997,0.076468934,0.070565083,0.06409896,0.073095305,0.079842564,0.075906663,0.056227158,0.043294911,0.030643801,0.028956986,0.025302221,0.020804048,0.017149283,0.222097273,0.123418611,0.199044138,0.138318808,0.953050323,0.026145628,0.068034861,0.001686815,0.003092494,0.05538375,0.002530222,0.088838909,0.026989036,0.014056789,0.006466123,0.769379744,0.196969697,0.190595992,0.429595708
Yorkdale-Glen Park,31,5.9,14685,0.459652707,0.540687777,0.043581886,0.046986721,0.055498808,0.056860742,0.057541709,0.060606061,0.060946544,0.05856316,0.071501532,0.073884917,0.070139598,0.057882193,0.052093973,0.041538985,0.046986721,0.051413006,0.046986721,0.047667688,0.345250255,0.234933606,0.145726932,0.115083418,0.931903303,0.043581886,0.200885257,0.003404835,0.004766769,0.055158325,0.005788219,0.042560436,0.041198502,0.008171604,0.004085802,0.833460865,0.515151515,0.227704636,0.24210071
Englemount-Lawrence,32,3.6,22080,0.438179348,0.562273551,0.075860507,0.069293478,0.070199275,0.067934783,0.059782609,0.059556159,0.066576087,0.06567029,0.0625,0.062047101,0.061820652,0.052536232,0.043251812,0.032382246,0.029664855,0.030117754,0.032382246,0.059103261,0.279438406,0.183423913,0.215806159,0.127717391,0.932065217,0.012907609,0.024682971,0.002943841,0.007019928,0.015172101,0.027173913,0.028532609,0.086050725,0.002038043,0.002038043,0.635219272,0.522727273,0.312527176,0.479021968
Clanton Park,33,4.2,14610,0.46201232,0.538329911,0.065023956,0.052019165,0.059548255,0.060232717,0.057152635,0.06091718,0.076317591,0.07871321,0.079055441,0.083504449,0.072210815,0.058863792,0.052703628,0.032854209,0.030800821,0.027378508,0.026694045,0.027378508,0.255304586,0.143737166,0.176249144,0.118069815,0.957221081,0.017111567,0.053045859,0.007871321,0.004106776,0.008213552,0.040041068,0.024982888,0.11670089,0.001711157,0.001026694,0.687169156,0.598484848,0.327505403,0.330039447
Bathurst Manor,34,4.8,15435,0.478134111,0.52154195,0.055069647,0.045999352,0.048590865,0.057337221,0.059928733,0.06478782,0.072562358,0.066731454,0.075801749,0.07904114,0.077097506,0.059928733,0.054421769,0.036605118,0.032717849,0.034985423,0.036281179,0.042436022,0.296080337,0.181729835,0.149983803,0.116942015,0.955944282,0.022027859,0.056365403,0.015549077,0.012957564,0.013605442,0.109815355,0.030774214,0.054421769,0.001943635,0.000971817,0.827693511,0.636363636,0.307653411,0.309391103
Westminster-Branson,35,3.7,25445,0.459815288,0.540577717,0.048929063,0.042444488,0.047553547,0.058950678,0.066221262,0.069365298,0.067400275,0.067596777,0.070740814,0.072902338,0.07742189,0.063863234,0.062094714,0.037335429,0.042247986,0.035173904,0.033994891,0.036352918,0.310670073,0.185105129,0.138534093,0.12438593,0.95303596,0.018864217,0.00432305,0.026724307,0.021811751,0.002161525,0.29219886,0.024759285,0.085085478,0.002751032,0.002947534,0.901888739,0.522727273,0.2013862,0.50908767
Newtonbrook West,36,4.7,23050,0.472451193,0.527765727,0.045336226,0.035574837,0.042950108,0.054446855,0.077006508,0.081995662,0.072017354,0.070715835,0.072234273,0.085249458,0.082863341,0.062906725,0.057266811,0.039479393,0.036442516,0.03318872,0.025813449,0.025813449,0.280043384,0.160520607,0.123644252,0.132104121,0.94967462,0.072017354,0.027982646,0.087418655,0.078958785,0.004121475,0.14143167,0.01670282,0.078741866,0.001952278,0.005422993,0.977469476,0.575757576,0.301483329,0.42027264
Willowdale West,37,2.9,15005,0.472175941,0.527824059,0.044651783,0.033655448,0.032989004,0.037654115,0.075974675,0.089636788,0.087304232,0.071976008,0.067310896,0.065311563,0.069643452,0.068643785,0.057314229,0.044985005,0.042652449,0.039986671,0.036321226,0.033655448,0.323892036,0.197934022,0.110963012,0.113295568,0.968677108,0.134621793,0.024325225,0.078307231,0.085304898,0.004998334,0.064978341,0.015661446,0.015661446,0.002665778,0.003332223,0.880649226,0.795454545,0.292710877,0.434345435
Lansing-Westgate,38,5.4,14640,0.474726776,0.525614754,0.057718579,0.049521858,0.050887978,0.054303279,0.065915301,0.080942623,0.088114754,0.079918033,0.080259563,0.078551913,0.070696721,0.058401639,0.051229508,0.035177596,0.027663934,0.024590164,0.022540984,0.024590164,0.243510929,0.133879781,0.157103825,0.119877049,0.975751366,0.067964481,0.011270492,0.039617486,0.043032787,0.006147541,0.052595628,0.021857923,0.031420765,0.00102459,0.00307377,0.676408683,0.734848485,0.349610942,0.264557592
Bedford Park-Nortown,39,5.5,23185,0.46236791,0.537847746,0.063187406,0.069872763,0.070304076,0.073107613,0.053482855,0.041621738,0.050894975,0.064050032,0.074617209,0.081518223,0.07785206,0.067716196,0.056502049,0.040112141,0.032348501,0.029544964,0.026957084,0.026957084,0.281863274,0.157429372,0.202932931,0.126374811,0.977140392,0.018546474,0.017683847,0.004744447,0.010567177,0.00388182,0.0129394,0.014448997,0.043562648,0.000215657,0.00064697,0.305525271,0.871212121,0.644124334,0.380513831
St.Andrew-Windfields,40,7.3,17955,0.479532164,0.520467836,0.038429407,0.049011417,0.064327485,0.082428293,0.071846282,0.053745475,0.043163464,0.052353105,0.079365079,0.091896408,0.082149819,0.074352548,0.065719855,0.049289891,0.036758563,0.025062657,0.023113339,0.015037594,0.289612921,0.149818992,0.152882206,0.154831523,0.973823448,0.145084935,0.009468115,0.044834308,0.048175996,0.003898635,0.01615149,0.018379282,0.01475912,0.004177109,0.004734057,0.707348321,0.856060606,0.737230975,0.238979831
Bridle Path-Sunnybrook-York Mills,41,8.8,8715,0.479632817,0.51979346,0.032702238,0.055077453,0.074010327,0.08777969,0.068273092,0.036144578,0.030981067,0.038439472,0.064830752,0.092943201,0.08777969,0.082042456,0.074010327,0.053930006,0.039013196,0.030407344,0.026965003,0.022948939,0.329317269,0.17383821,0.163511188,0.156052783,0.975903614,0.070567986,0.012621916,0.005737235,0.02983362,0.003442341,0.01491681,0.007458405,0.012621916,0.000573723,0,0.331396116,0.962121212,1,0
Banbury-Don Mills,42,10,26910,0.46395392,0.536231884,0.04384987,0.044778893,0.049238201,0.053511706,0.047565961,0.052768488,0.05574136,0.063359346,0.084541063,0.08565589,0.073206986,0.060758082,0.05982906,0.047565961,0.045522111,0.042363434,0.045150502,0.04589372,0.347082869,0.226495726,0.136937941,0.100520253,0.958008175,0.124674842,0.005202527,0.018952062,0.032515793,0.0040877,0.011334077,0.013377926,0.019137867,0.005388331,0.008175399,0.720735288,0.871212121,0.331865399,0.262601599
Victoria Village,43,4.7,17180,0.463329453,0.537252619,0.059953434,0.048603027,0.050640279,0.05355064,0.057043073,0.068102445,0.070430733,0.068393481,0.076251455,0.079161816,0.071012806,0.059953434,0.053259604,0.041909197,0.041909197,0.038125728,0.031140861,0.030849825,0.298894063,0.185972061,0.15919674,0.111175786,0.939464494,0.035215367,0.011641444,0.005820722,0.029685681,0.004947614,0.00523865,0.020372526,0.031431898,0.027066356,0.022409779,0.799509963,0.522727273,0.197452901,0.343059392
Flemingdon Park,44,2.5,22165,0.478908189,0.521317392,0.070155651,0.064064967,0.066771938,0.066095195,0.073088202,0.075569592,0.072862621,0.071960298,0.073539364,0.076923077,0.067674261,0.052334762,0.047597564,0.036995263,0.031355741,0.025039477,0.016692984,0.011053463,0.223099481,0.122264832,0.200992556,0.139183397,0.943604782,0.055718475,0.001353485,0.010602301,0.061357997,0.00270697,0.014662757,0.024813896,0.049627792,0.046469659,0.073764945,1,0.454545455,0.11038114,0.575823702
Parkwoods-Donalda,45,7.5,34620,0.473136915,0.526574235,0.058925477,0.055459272,0.06181398,0.067879838,0.068168689,0.06513576,0.067157712,0.070479492,0.07654535,0.084777585,0.075534373,0.058925477,0.048526863,0.03812825,0.032495667,0.029318313,0.024407857,0.016753322,0.248555748,0.140958983,0.176487579,0.136337377,0.963316002,0.06513576,0.008376661,0.015453495,0.033217793,0.004043905,0.014153668,0.031629116,0.027874061,0.013720393,0.017619873,0.751299234,0.53030303,0.299444482,0.404359555
Pleasant View,46,3,16145,0.481573242,0.517807371,0.045834624,0.04366677,0.051099412,0.058841747,0.065655002,0.067513162,0.052957572,0.066893775,0.085785073,0.084546299,0.074326417,0.063796841,0.0610096,0.051099412,0.048621864,0.037782595,0.024775472,0.01455559,0.301951068,0.178073707,0.140910499,0.124496748,0.963456178,0.312170951,0.041808609,0.010219882,0.031279034,0.007122948,0.007742335,0.011768349,0.01548467,0.011768349,0.010529576,0.960358599,0.803030303,0.250858804,0.444676278
Don Valley Village,47,4.1,26735,0.473910604,0.525902375,0.056293249,0.051056667,0.048251356,0.05909856,0.067140453,0.067514494,0.072377034,0.082289134,0.085842529,0.080605947,0.066953432,0.056106228,0.052739854,0.042266692,0.038152235,0.031793529,0.022816533,0.0198242,0.262764167,0.154292126,0.155788293,0.126051992,0.953057789,0.248924631,0.003553394,0.023003553,0.070506826,0.00243127,0.021881429,0.023190574,0.033850757,0.012904432,0.011969329,0.978325313,0.71969697,0.258770829,0.495111979
Hillcrest Village,48,5.3,17650,0.466855524,0.53427762,0.031444759,0.039093484,0.048441926,0.066572238,0.073937677,0.054107649,0.042209632,0.053824363,0.078470255,0.083569405,0.071388102,0.07082153,0.069971671,0.055240793,0.052124646,0.04674221,0.034844193,0.028045326,0.357507082,0.216997167,0.118413598,0.140226629,0.974220963,0.429461756,0.002832861,0.024929178,0.03796034,0.001983003,0.011331445,0.011898017,0.007082153,0.007365439,0.007648725,0.94712136,0.863636364,0.262153044,0.31858756
Bayview Woods-Steeles,49,4.1,13535,0.462504618,0.537495382,0.031030661,0.040265977,0.049870706,0.069818988,0.069818988,0.05615072,0.036202438,0.046176579,0.067233099,0.079423716,0.074990765,0.067971925,0.073882527,0.055042482,0.055042482,0.044698929,0.036202438,0.045437754,0.379386775,0.238640562,0.121906169,0.13889915,0.95086812,0.272995936,0.012929442,0.055042482,0.058736609,0.004063539,0.018840044,0.011451792,0.005910602,0.00554119,0.004432952,0.902896443,0.878787879,0.424208419,0.316292332
Newtonbrook East,50,4.1,16425,0.475190259,0.524809741,0.035616438,0.03196347,0.038660578,0.050532725,0.082800609,0.092846271,0.076103501,0.063318113,0.066057839,0.072754947,0.075494673,0.067275495,0.064535769,0.04414003,0.03957382,0.033789954,0.032267884,0.034398782,0.314155251,0.183561644,0.105327245,0.133637747,0.946423135,0.240487062,0.024657534,0.107762557,0.124505327,0.004261796,0.020395738,0.00913242,0.014003044,0.002435312,0.00304414,0.964031318,0.727272727,0.33888455,0.367131849
Willowdale East,51,5,45025,0.474514159,0.526152138,0.044641866,0.032759578,0.033759023,0.052748473,0.090949473,0.113714603,0.1047196,0.082287618,0.075735702,0.075513604,0.070849528,0.06096613,0.049083842,0.033092726,0.026540811,0.019766796,0.016435314,0.015880067,0.221987785,0.111715713,0.110938368,0.144253193,0.96957246,0.271515825,0.007995558,0.099500278,0.109716824,0.004886174,0.02865075,0.016768462,0.008439756,0.003109384,0.00577457,0.965457441,0.742424242,0.292529166,0.579910353
Bayview Village,52,5.2,17675,0.466478076,0.532956153,0.037623762,0.035077793,0.043281471,0.054031117,0.067326733,0.09476662,0.080056577,0.076096181,0.07553041,0.074115983,0.070155587,0.064214993,0.059405941,0.043281471,0.038472419,0.029985856,0.027722772,0.02970297,0.292503536,0.169448373,0.115417256,0.120509194,0.966053748,0.214992928,0.006223479,0.056577086,0.086280057,0.005940594,0.014992928,0.01669024,0.016407355,0.004243281,0.004809052,0.887853097,0.810606061,0.288298963,0.323963389
Henry Farm,53,2.6,11340,0.476631393,0.523368607,0.068783069,0.065696649,0.058201058,0.058201058,0.073633157,0.087742504,0.089065256,0.090388007,0.081128748,0.07627866,0.062610229,0.051146384,0.041005291,0.029100529,0.024250441,0.020282187,0.013227513,0.009700176,0.190035273,0.097442681,0.192239859,0.130952381,0.944003527,0.145943563,0.00308642,0.017636684,0.070987654,0.00308642,0.018518519,0.019400353,0.045855379,0.017195767,0.0335097,0.967564526,0.568181818,0.201240182,0.389463402
O'Connor-Parkview,54,4.9,18315,0.475293475,0.524706525,0.058968059,0.057330057,0.057603058,0.063609064,0.062517063,0.058968059,0.063336063,0.064155064,0.080535081,0.087087087,0.086268086,0.068796069,0.053508054,0.038766039,0.030849031,0.025389025,0.021840022,0.02047502,0.260988261,0.138411138,0.174174174,0.126945127,0.970515971,0.023751024,0.013923014,0.003276003,0.015288015,0.005460005,0.006006006,0.016107016,0.030849031,0.014742015,0.02047502,0.538323697,0.484848485,0.291064657,0.348918109
Thorncliffe Park,55,3.1,19225,0.482444733,0.518335501,0.10663199,0.087126138,0.06970091,0.058257477,0.056436931,0.078283485,0.083224967,0.087386216,0.080104031,0.06189857,0.051495449,0.041612484,0.036671001,0.027048114,0.0236671,0.01976593,0.014564369,0.016905072,0.181274382,0.103250975,0.263719116,0.115474642,0.944083225,0.011183355,0.001560468,0.00390117,0.04993498,0.002340702,0.005461638,0.020026008,0.040572172,0.012743823,0.252535761,0.937265958,0.477272727,0.169607222,0.481930346
Leaside-Bennington,56,4.8,17010,0.480305703,0.520576132,0.057613169,0.073486185,0.069664903,0.06760729,0.051734274,0.032921811,0.039388595,0.063198119,0.089653145,0.090241035,0.086125808,0.065549677,0.054379777,0.042621987,0.027336861,0.023515579,0.022633745,0.040564374,0.276308054,0.156672546,0.201058201,0.119047619,0.967666079,0.019988242,0.008818342,0.004997061,0.00558495,0.004115226,0.004703116,0.009406232,0.005878895,0.000587889,0.000881834,0.085813556,0.984848485,0.579650789,0.334916186
Broadview North,57,1.7,11565,0.470384782,0.529182879,0.057501081,0.042369217,0.03718115,0.042801556,0.055339386,0.079550367,0.088629486,0.09079118,0.09079118,0.086035452,0.071768266,0.063121487,0.059662776,0.039342845,0.032425422,0.026372676,0.021616948,0.015564202,0.256809339,0.133592737,0.137483787,0.098140942,0.958063121,0.035884133,0.00821444,0.00432339,0.005620406,0.005188067,0.010376135,0.021616948,0.027237354,0.006052745,0.00432339,0.712095031,0.507575758,0.280438855,0.506242244
Old East York,58,2.3,9115,0.486560614,0.514536478,0.050466264,0.051563357,0.047723533,0.048272079,0.052111903,0.054854635,0.065825562,0.072408118,0.081733406,0.09928689,0.083379046,0.073505211,0.065825562,0.039495337,0.036204059,0.031815688,0.023038947,0.023587493,0.294020845,0.154690071,0.149753154,0.099835436,0.964893033,0.037849698,0.020296215,0.003839824,0.003839824,0.005485464,0.003839824,0.009873834,0.024136039,0.000548546,0.006582556,0.496814268,0.71969697,0.314424872,0.364293277
Danforth-East York,59,2.2,16710,0.47785757,0.52214243,0.064931179,0.047576302,0.043087971,0.044883303,0.047576302,0.057151406,0.089467385,0.089766607,0.086175943,0.085278276,0.074506284,0.068222621,0.059245961,0.038898863,0.032914423,0.028426092,0.024236984,0.017354877,0.268102932,0.140933573,0.156193896,0.092459605,0.969180132,0.065529623,0.029323758,0.003590664,0.00448833,0.007181329,0.005385996,0.012866547,0.015559545,0.001795332,0.010472771,0.548778346,0.772727273,0.280445886,0.535190642
Woodbine-Lumsden,60,1.2,7825,0.478594249,0.521405751,0.053674121,0.044089457,0.039616613,0.04600639,0.051757188,0.060063898,0.081789137,0.082428115,0.085623003,0.093929712,0.089456869,0.075399361,0.060063898,0.038977636,0.036421725,0.026198083,0.02172524,0.011501597,0.272204473,0.136102236,0.135463259,0.098402556,0.971246006,0.074121406,0.015974441,0.003194888,0.002555911,0.007028754,0.004472843,0.01341853,0.02172524,0,0.005111821,0.390277866,0.659090909,0.238334224,0.495116074
Taylor-Massey,61,1.1,15595,0.491503687,0.507855082,0.076627124,0.064123116,0.053542802,0.048733568,0.064123116,0.07983328,0.083039436,0.092016672,0.086566207,0.079192049,0.069573581,0.057710805,0.040718179,0.026611093,0.024046169,0.020198782,0.01667201,0.015068932,0.201346585,0.103558833,0.194934274,0.1131773,0.949022122,0.037191408,0.00288554,0.00577108,0.011542161,0.003847387,0.007053543,0.011862777,0.022763706,0.01667201,0.043283104,0.834011282,0.454545455,0.137446974,0.699140202
East End-Danforth,62,2.6,20840,0.479126679,0.521353167,0.063339731,0.054942418,0.05134357,0.054462572,0.052543186,0.063819578,0.075815739,0.089971209,0.089971209,0.092610365,0.081333973,0.067418426,0.057341651,0.034548944,0.023752399,0.017994242,0.015115163,0.01415547,0.231046065,0.106285988,0.169145873,0.107245681,0.963291747,0.045105566,0.009836852,0.004318618,0.004798464,0.006477927,0.003598848,0.012955854,0.017994242,0.002159309,0.016794626,0.29610829,0.606060606,0.289801329,0.549327354
The Beaches,63,3.6,21135,0.475041401,0.525195174,0.059853324,0.060326473,0.054175538,0.04944405,0.051100071,0.052992666,0.069079726,0.082564467,0.094156612,0.094156612,0.082327892,0.076413532,0.062692217,0.042583392,0.023894015,0.018452803,0.012775018,0.011592146,0.248639697,0.109770523,0.174828484,0.100307547,0.985095813,0.011592146,0.008280104,0.00212917,0.001892595,0.003548616,0.004021765,0.008516678,0.004021765,0.001182872,0.000473149,0,0.78030303,0.406658107,0.467530925
Woodbine Corridor,64,1.6,11705,0.481845365,0.518581803,0.076035882,0.050832977,0.046988466,0.044852627,0.050405809,0.057667663,0.085006408,0.105083298,0.096112772,0.098248612,0.079880393,0.067919692,0.050405809,0.029474584,0.02007689,0.017941051,0.014523708,0.007261854,0.205467749,0.087996583,0.175565997,0.095685604,0.974797095,0.052541649,0.010252029,0.003844511,0.002135839,0.006407518,0.002990175,0.011533533,0.00598035,0.002135839,0.007261854,0.24707725,0.666666667,0.282058035,0.525329474
Greenwood-Coxwell,65,1.7,14075,0.489165187,0.511190053,0.069271758,0.042273535,0.041918295,0.046536412,0.059325044,0.069626998,0.092007105,0.100888099,0.085257549,0.085257549,0.079928952,0.069626998,0.046891652,0.03268206,0.028419183,0.022024867,0.01705151,0.013143872,0.228063943,0.112611012,0.153463588,0.105150977,0.970515098,0.135701599,0.011012433,0.002486679,0.002486679,0.004973357,0.001420959,0.014920071,0.008170515,0.003907638,0.028419183,0.509613851,0.583333333,0.265493617,0.557841294
Danforth,66,1.1,9450,0.487301587,0.512698413,0.067195767,0.053439153,0.042328042,0.047089947,0.05978836,0.067724868,0.082539683,0.087301587,0.076719577,0.078306878,0.074603175,0.063492063,0.053968254,0.043386243,0.034391534,0.028571429,0.02010582,0.018518519,0.260846561,0.143386243,0.164550265,0.106878307,0.96984127,0.066137566,0.055555556,0.004761905,0.002116402,0.007407407,0.002645503,0.010582011,0.006878307,0.001058201,0.011111111,0.512834591,0.712121212,0.316423159,0.567543561
Playter Estates-Danforth,67,0.9,7655,0.491182234,0.508164598,0.046374918,0.054866101,0.047681254,0.046374918,0.04898759,0.078380144,0.082299151,0.077073808,0.08883083,0.083605487,0.078380144,0.068582626,0.061397779,0.041802743,0.028739386,0.022860875,0.0182887,0.026126715,0.267145656,0.139124755,0.148269105,0.09470934,0.959503592,0.026779882,0.012410189,0.003919007,0.005225343,0.004572175,0.005225343,0.0182887,0.007838014,0.001306336,0.001959504,0.311508402,0.727272727,0.45572186,0.56492048
North Riverdale,68,1.8,12195,0.489134891,0.5100451,0.054940549,0.051660517,0.048790488,0.0500205,0.0500205,0.065190652,0.074210742,0.085690857,0.085280853,0.101271013,0.087330873,0.067240672,0.059860599,0.039360394,0.030340303,0.021730217,0.015170152,0.013120131,0.245592456,0.119311193,0.154571546,0.098400984,0.969249692,0.096760968,0.010660107,0.002050021,0.000820008,0.003690037,0.004510045,0.011480115,0.004920049,0.000410004,0.002460025,0.323422265,0.803030303,0.442701359,0.505161048
Blake-Jones,69,0.9,7765,0.491307147,0.508048938,0.06696716,0.0515132,0.05666452,0.05666452,0.065035415,0.074050225,0.08242112,0.08499678,0.08370895,0.084352865,0.081777205,0.056020605,0.04893754,0.03219575,0.026400515,0.017385705,0.018673535,0.01030264,0.207984546,0.101738571,0.176432711,0.122343851,0.96522859,0.106889891,0.00901481,0.00257566,0.00643915,0.007083065,0.00257566,0.010946555,0.007083065,0.00386349,0.01159047,0.524001877,0.590909091,0.308934586,0.568668557
South Riverdale,70,9.6,25640,0.502535101,0.49824493,0.058892356,0.038221529,0.036856474,0.045436817,0.060842434,0.081318253,0.099843994,0.103354134,0.09223869,0.090093604,0.075663027,0.058697348,0.049921997,0.030811232,0.024180967,0.022425897,0.017355694,0.013650546,0.218018721,0.109594384,0.13475039,0.105694228,0.95924337,0.228159126,0.004680187,0.002730109,0.003120125,0.00975039,0.002730109,0.010530421,0.00975039,0.000975039,0.002925117,0.566956823,0.643939394,0.290461115,0.260625467
Cabbagetown-South St.James Town,71,1.4,12050,0.553526971,0.446887967,0.029460581,0.019917012,0.022821577,0.02780083,0.062655602,0.09253112,0.093775934,0.081742739,0.084232365,0.10373444,0.085892116,0.07219917,0.070954357,0.051037344,0.036929461,0.025311203,0.021991701,0.01659751,0.294605809,0.150622407,0.073029046,0.090041494,0.941493776,0.043983402,0.00746888,0.008713693,0.004149378,0.007053942,0.013278008,0.025311203,0.021576763,0.004979253,0.002904564,0.387566998,0.628787879,0.290427585,0.568039505
Regent Park,72,0.6,10010,0.536463536,0.463036963,0.061938062,0.065934066,0.075424575,0.076923077,0.084915085,0.084415584,0.082917083,0.077422577,0.086913087,0.086413586,0.071928072,0.051948052,0.036963037,0.020979021,0.013986014,0.010989011,0.006493506,0.003996004,0.145854146,0.056443556,0.202297702,0.161338661,0.894605395,0.112887113,0.002997003,0.003496503,0.004495504,0.006493506,0.003496503,0.018981019,0.009490509,0.051948052,0.012487512,0.865084398,0.303030303,0.261991343,0.741900172
Moss Park,73,1.4,16310,0.580012262,0.419987738,0.036174126,0.022685469,0.020232986,0.029429798,0.07786634,0.122011036,0.121091355,0.100858369,0.090435316,0.089822195,0.082158185,0.069589209,0.052728387,0.034947885,0.021765788,0.013182097,0.00797057,0.007050889,0.208154506,0.085530349,0.0781729,0.107296137,0.897915389,0.045984059,0.005518087,0.005518087,0.00797057,0.006437768,0.011342735,0.019619865,0.011036174,0.005518087,0.005518087,0.51929113,0.363636364,0.247432783,0.647562927
North St.James Town,74,0.4,17825,0.519495091,0.481065919,0.051612903,0.041795231,0.036185133,0.038148668,0.096493689,0.128751753,0.111640954,0.085834502,0.084151473,0.083870968,0.069565217,0.050210379,0.043197756,0.024964937,0.018513324,0.015147265,0.009817672,0.010659187,0.171669004,0.07769986,0.129873773,0.134642356,0.946143058,0.058064516,0.002805049,0.018232819,0.01486676,0.007573633,0.017110799,0.03085554,0.087517532,0.051332398,0.019074334,0.887055608,0.333333333,0.264653201,1
Church-Yonge Corridor,75,1.4,28345,0.553360381,0.446639619,0.020814959,0.00952549,0.0086435,0.029458458,0.128770506,0.176397954,0.133886047,0.089080967,0.07673311,0.074263539,0.064561651,0.052742988,0.043393897,0.03192803,0.022931734,0.01640501,0.012171459,0.007232316,0.187863821,0.091021344,0.039513142,0.157876169,0.956606103,0.075674722,0.00776151,0.017463397,0.012171459,0.008290704,0.019050979,0.028752866,0.013053449,0.002998765,0.005644735,0.553702076,0.568181818,0.222111597,0.792750867
Bay Street Corridor,76,1.8,19345,0.481519773,0.518480227,0.04109589,0.017834066,0.012147842,0.034375808,0.158955803,0.191005428,0.142672525,0.079348669,0.054536056,0.051434479,0.043939002,0.040578961,0.038769708,0.02739726,0.023778754,0.016541742,0.014732489,0.010855518,0.174463686,0.095115017,0.070819333,0.193590075,0.96769191,0.166451279,0.008012406,0.042129749,0.025588007,0.008529336,0.01369863,0.020160248,0.009046265,0.003618506,0.011372448,0.801766965,0.712121212,0.247575016,0.626373707
Waterfront Communities-The Island,77,7.6,43365,0.501210654,0.498789346,0.029747492,0.01291364,0.01291364,0.018793958,0.089242477,0.216995273,0.181367462,0.110111841,0.06779661,0.05476767,0.050386256,0.042545832,0.037126715,0.027326185,0.018678658,0.013720743,0.008762827,0.00634152,0.153810677,0.07413813,0.055459472,0.108267036,0.962066182,0.086014067,0.008416926,0.014181944,0.014758446,0.008071025,0.014873746,0.023290672,0.010953534,0.002767209,0.006687421,0.541029886,0.659090909,0.225386732,0.460045983
Kensington-Chinatown,78,1.5,18500,0.493243243,0.506216216,0.030810811,0.023513514,0.027837838,0.051891892,0.144864865,0.141081081,0.095675676,0.067567568,0.061891892,0.066486486,0.061351351,0.046756757,0.040810811,0.028378378,0.03027027,0.032702703,0.024324324,0.024054054,0.225675676,0.138918919,0.082702703,0.197027027,0.955945946,0.328108108,0.003513514,0.00972973,0.006756757,0.018378378,0.005135135,0.017567568,0.01027027,0.000810811,0.003243243,0.802526245,0.507575758,0.258500425,0.662536778
University,79,1.4,7790,0.489088575,0.511553273,0.023748395,0.021181001,0.016046213,0.041078306,0.175866496,0.154043646,0.09563543,0.065468549,0.054557125,0.057124519,0.048138639,0.046854942,0.046854942,0.035301669,0.029525032,0.030808729,0.023106547,0.038510911,0.246469833,0.1521181,0.062901155,0.214377407,0.921052632,0.118741977,0.012195122,0.022464698,0.005776637,0.042362003,0.007702182,0.020539153,0.005134788,0.002567394,0.002567394,0.585780373,0.659090909,0.41854237,0.453442767
Palmerston-Little Italy,80,1.4,13735,0.497269749,0.503822352,0.034583182,0.028394612,0.026210411,0.028394612,0.099745177,0.165635238,0.119402985,0.082635602,0.076083,0.059337459,0.053512923,0.048052421,0.043319985,0.038223517,0.033491081,0.028030579,0.021842009,0.015289407,0.228613032,0.13760466,0.087368038,0.127775755,0.974153622,0.065161995,0.059337459,0.009100837,0.002912268,0.087004004,0.004004368,0.027302512,0.004004368,0,0.002548234,0.517760518,0.613636364,0.422678472,0.602422604
Trinity-Bellwoods,81,1.7,16805,0.494495686,0.504909253,0.0419518,0.031240702,0.029455519,0.032430824,0.081523356,0.133293663,0.109193692,0.085688783,0.07795299,0.07765546,0.058613508,0.050580184,0.045819697,0.034513538,0.035108599,0.033620946,0.023207379,0.016364177,0.23980958,0.142814639,0.102945552,0.11365665,0.956858078,0.1853615,0.032133294,0.001785183,0.001785183,0.171675097,0.001785183,0.011306159,0.003570366,0.00029753,0.000892591,0.726622958,0.613636364,0.391496006,0.604412077
Niagara,82,3.1,21000,0.491428571,0.508809524,0.03452381,0.016666667,0.013571429,0.017380952,0.066666667,0.196190476,0.21452381,0.133333333,0.082142857,0.060714286,0.046666667,0.038333333,0.02952381,0.02,0.012142857,0.009761905,0.005,0.002380952,0.116904762,0.048809524,0.065714286,0.084047619,0.958333333,0.049285714,0.010238095,0.007857143,0.007619048,0.03452381,0.009285714,0.026904762,0.010952381,0.001190476,0.002857143,0.401622366,0.651515152,0.215393676,0.505129776
Dufferin Grove,83,1.4,11450,0.49650655,0.503056769,0.044541485,0.036244541,0.03231441,0.03580786,0.073799127,0.128820961,0.116593886,0.089519651,0.080349345,0.06768559,0.068558952,0.05371179,0.048908297,0.037117904,0.030567686,0.025327511,0.015720524,0.013537118,0.222707424,0.120524017,0.11441048,0.110043668,0.970742358,0.060262009,0.018777293,0.015720524,0.001310044,0.170742358,0.006113537,0.048034934,0.009606987,0.005676856,0.0069869,0.730712467,0.454545455,0.271883808,0.554622034
Little Portugal,84,1.2,12055,0.490253007,0.510161759,0.037328909,0.033596018,0.031107424,0.035255081,0.066777271,0.1231854,0.11364579,0.09166321,0.077561178,0.06968063,0.062214849,0.051016176,0.05060141,0.039402737,0.038987972,0.033596018,0.024056408,0.019908752,0.260472833,0.158440481,0.102032352,0.103276649,0.968892576,0.078390709,0.014102032,0.00290336,0.002488594,0.255910411,0.003732891,0.021567814,0.005391954,0.000829531,0.000414766,0.652478311,0.5,0.278494649,0.608644135
South Parkdale,85,2.3,21245,0.508825606,0.491174394,0.046128501,0.036949871,0.037655919,0.042833608,0.070604848,0.112732408,0.112967757,0.09767004,0.082843022,0.072722994,0.07437044,0.057189927,0.050600141,0.033654978,0.025182396,0.01882796,0.013650271,0.013414921,0.211579195,0.103318428,0.12073429,0.113673806,0.915038833,0.023770299,0.004000941,0.003765592,0.004942339,0.01412097,0.007766533,0.025182396,0.038597317,0.017886562,0.002824194,0.72489267,0.257575758,0.270433361,0.586591507
Roncesvalles,86,1.5,15050,0.493687708,0.506312292,0.064451827,0.054152824,0.046511628,0.036877076,0.051827243,0.085714286,0.102325581,0.100664452,0.097009967,0.083056478,0.070099668,0.054817276,0.044518272,0.03089701,0.026245847,0.021594684,0.015614618,0.013289037,0.206312292,0.106976744,0.16345515,0.089036545,0.971428571,0.036877076,0.007641196,0.004318937,0.001328904,0.033554817,0.005980066,0.013289037,0.009634551,0.010631229,0.002325581,0.550089149,0.606060606,0.314439474,0.608317052
High Park-Swansea,87,5.3,21750,0.461149425,0.538850575,0.056781609,0.050574713,0.042988506,0.04,0.047356322,0.076091954,0.087126437,0.086436782,0.085747126,0.078390805,0.072413793,0.062988506,0.056781609,0.040689655,0.030114943,0.025747126,0.025977011,0.033563218,0.275862069,0.155402299,0.149655172,0.087816092,0.95862069,0.014712644,0.009655172,0.005977011,0.004137931,0.009655172,0.017701149,0.016321839,0.005517241,0.000229885,0.00137931,0.463537214,0.825757576,0.336494178,0.373460161
High Park North,88,1.9,21300,0.474178404,0.525352113,0.051643192,0.037793427,0.035211268,0.03685446,0.062441315,0.111737089,0.105633803,0.092723005,0.082394366,0.074882629,0.069248826,0.064084507,0.054225352,0.034507042,0.02370892,0.021126761,0.018075117,0.022065728,0.238732394,0.120422535,0.124178404,0.099530516,0.971830986,0.027699531,0.00915493,0.01971831,0.007746479,0.015258216,0.043661972,0.028403756,0.007981221,0.003521127,0.002112676,0.634758631,0.742424242,0.32972488,0.63746126
Runnymede-Bloor West Village,89,1.6,9635,0.473793461,0.525687597,0.07628438,0.062272963,0.050856253,0.051375195,0.048780488,0.048780488,0.075765439,0.094447327,0.090814738,0.08770109,0.078360145,0.065386611,0.055526725,0.032174364,0.022314478,0.019719772,0.019719772,0.017125065,0.233523612,0.112610275,0.189413596,0.100674624,0.977685522,0.019719772,0.017125065,0.004151531,0.001556824,0.011935651,0.005189414,0.014530358,0.007265179,0.000518941,0.001037883,0.350082033,0.878787879,0.360288662,0.474204096
Junction Area,90,2.6,14015,0.486621477,0.514448805,0.055297895,0.044595077,0.043881555,0.056011416,0.06421691,0.090973956,0.099179451,0.091687478,0.085622547,0.085265787,0.078487335,0.063503389,0.047805922,0.030681413,0.021762397,0.016410988,0.013913664,0.01141634,0.205494113,0.094184802,0.144488049,0.119871566,0.952907599,0.040313949,0.012486621,0.004637888,0.001783803,0.055654656,0.007491973,0.035676061,0.020692116,0.001783803,0.002497324,0.576286226,0.545454545,0.288249209,0.445101493
Weston-Pellam Park,91,1.5,12015,0.50062422,0.498543487,0.054931336,0.054515189,0.059508947,0.06866417,0.067831877,0.080316271,0.079483978,0.076154806,0.076987099,0.084893883,0.077819392,0.063670412,0.050769871,0.031627133,0.022888057,0.021639617,0.016645859,0.011235955,0.21889305,0.104036621,0.169371619,0.136912193,0.95505618,0.025801082,0.055347482,0.001248439,0.000832293,0.230545152,0.002080732,0.071577195,0.010819809,0.002496879,0.001664586,0.781252281,0.28030303,0.206653132,0.549150816
Corso Italia-Davenport,92,1.9,13735,0.488532945,0.512195122,0.051328722,0.045140153,0.045504186,0.061157627,0.069166363,0.084091736,0.086275937,0.073898799,0.073898799,0.082635602,0.0771751,0.062977794,0.046596287,0.034947215,0.034219148,0.029486713,0.025118311,0.015289407,0.249362941,0.140152894,0.143065162,0.131052057,0.959592282,0.021477976,0.135056425,0.001820167,0.0010921,0.220968329,0.001456134,0.075718966,0.013833273,0.000728067,0.001456134,0.773545466,0.356060606,0.271928696,0.522198322
Dovercourt-Wallace Emerson-Juncti,93,3.7,34635,0.497329291,0.502815071,0.048217121,0.03883355,0.041287715,0.049660748,0.076079111,0.10884943,0.100909485,0.088927386,0.076512199,0.077234012,0.07001588,0.055435253,0.046051682,0.035657572,0.030893605,0.025119099,0.017612242,0.012848275,0.22376209,0.122708243,0.128627111,0.125739859,0.960589,0.06510755,0.036379385,0.006640681,0.002021077,0.188681969,0.004619604,0.040277176,0.009961022,0.00822867,0.004186517,0.748815285,0.439393939,0.277320554,0.590090553
Wychwood,94,1.7,13985,0.461923489,0.538076511,0.052198784,0.043618162,0.038612799,0.04647837,0.06220951,0.072220236,0.077583125,0.071147658,0.078655703,0.071505184,0.062567036,0.061494458,0.053986414,0.041473007,0.036467644,0.038255274,0.035752592,0.055058992,0.323560958,0.208437612,0.134787272,0.108330354,0.919199142,0.045048266,0.039685377,0.007508044,0.003575259,0.056846621,0.006077941,0.038612799,0.014658563,0.001072578,0,0.563697149,0.636363636,0.355239675,0.556156102
Annex,95,2.8,29180,0.471041809,0.52827279,0.029643592,0.023817683,0.02176148,0.029814942,0.104352296,0.143591501,0.102638794,0.07145305,0.065113091,0.063742289,0.058773132,0.057573681,0.061857437,0.047464016,0.037697053,0.02878684,0.023474983,0.027244688,0.284612748,0.164667581,0.075222755,0.133481837,0.938313914,0.046949966,0.017820425,0.012851268,0.009252913,0.012165867,0.010795065,0.019019877,0.004626456,0.001028101,0.003084304,0.38457361,0.712121212,0.537288192,0.618286909
Casa Loma,96,1.9,10485,0.465903672,0.534096328,0.035765379,0.035765379,0.038626609,0.038626609,0.062470196,0.102050548,0.078206962,0.063423939,0.066762041,0.071053887,0.064854554,0.072961373,0.079160706,0.058655222,0.043395327,0.031473534,0.029089175,0.026227945,0.342870768,0.190271817,0.110634239,0.101573677,0.978063901,0.024320458,0.011921793,0.003338102,0.004768717,0.006676204,0.013352408,0.020982356,0.01382928,0.000476872,0.000953743,0.249005309,0.833333333,0.585901452,0.451268426
Yonge-St.Clair,97,1.2,11655,0.449163449,0.550836551,0.033891034,0.02960103,0.02016302,0.024453024,0.055341055,0.116259116,0.096525097,0.077220077,0.073788074,0.064779065,0.061347061,0.065208065,0.07035607,0.064779065,0.045045045,0.038181038,0.031317031,0.033891034,0.34963535,0.214929215,0.084513085,0.079365079,0.981981982,0.021450021,0.01029601,0.004719005,0.01029601,0.004719005,0.015444015,0.01973402,0.008151008,0.000858001,0.000858001,0.236987583,0.833333333,0.53843741,0.599779466
Rosedale-Moore Park,98,4.6,20635,0.456021323,0.54373637,0.033438333,0.042403683,0.044826751,0.05161134,0.057911316,0.0680882,0.055730555,0.054519021,0.06881512,0.075599709,0.07778047,0.075842016,0.075357402,0.066392052,0.047492125,0.039980615,0.03440756,0.031015265,0.37024473,0.219287618,0.120911073,0.109038042,0.981342379,0.024957596,0.007753816,0.007269203,0.008723043,0.003876908,0.00896535,0.015023019,0.00896535,0.000242307,0.001938454,0.197102726,0.878787879,0.684332891,0.396847292
Mount Pleasant East,99,3.1,15980,0.464017522,0.535982478,0.069461827,0.056946183,0.048498123,0.043178974,0.049123905,0.065081352,0.078222778,0.087922403,0.089486859,0.084793492,0.071026283,0.065081352,0.059762203,0.043804756,0.030663329,0.023466834,0.016583229,0.017209011,0.257196496,0.131727159,0.174593242,0.090425532,0.981852315,0.023779725,0.007822278,0.006570713,0.009386733,0.004693367,0.01126408,0.013454318,0.00844806,0.001251564,0.001251564,0.252640295,0.878787879,0.440892355,0.433363741
Yonge-Eglinton,100,1.6,10580,0.4768431,0.52268431,0.058601134,0.050094518,0.037807183,0.042060491,0.063799622,0.102079395,0.099716446,0.083648393,0.080340265,0.069943289,0.059073724,0.069470699,0.061909263,0.04442344,0.024102079,0.02268431,0.015122873,0.015595463,0.252362949,0.121455577,0.146030246,0.104914934,0.981096408,0.026465028,0.009451796,0.013705104,0.005671078,0.004253308,0.008034026,0.02221172,0.010869565,0.00094518,0.00094518,0.237530459,0.742424242,0.527530929,0.498783289
Forest Hill South,101,2.5,10925,0.45583524,0.544622426,0.033409611,0.038901602,0.048512586,0.069565217,0.075057208,0.074141876,0.060869565,0.053546911,0.059038902,0.071395881,0.075057208,0.075057208,0.069107551,0.053089245,0.040732265,0.033409611,0.032494279,0.037070938,0.341418764,0.197254005,0.120823799,0.145537757,0.962929062,0.016475973,0.008695652,0.002745995,0.005949657,0.003661327,0.010983982,0.014187643,0.022425629,0,0,0.182082885,0.863636364,0.857713333,0.389972559
Forest Hill North,102,1.6,12475,0.447695391,0.552705411,0.055711423,0.055310621,0.0501002,0.059719439,0.06252505,0.068537074,0.073346693,0.078156313,0.081763527,0.076953908,0.076152305,0.064529058,0.061322645,0.037675351,0.028056112,0.022845691,0.019639279,0.027254509,0.262124248,0.136272545,0.161523046,0.122645291,0.974348697,0.018036072,0.011623246,0.006813627,0.005210421,0.006813627,0.038877756,0.038076152,0.06012024,0.000400802,0.001603206,0.558234074,0.666666667,0.517925632,0.542066342
Lawrence Park South,103,3.2,15075,0.475621891,0.52371476,0.051741294,0.069320066,0.070978441,0.07761194,0.067661692,0.052404643,0.047429519,0.060696517,0.075953566,0.084908789,0.083250415,0.074958541,0.061359867,0.043781095,0.025538972,0.018905473,0.018573798,0.012271973,0.253731343,0.118076285,0.192039801,0.146600332,0.985406302,0.017910448,0.010281924,0.006301824,0.005970149,0.002321725,0.007296849,0.011276949,0.013598673,0.000331675,0.000331675,0.090545972,0.931818182,0.657293016,0.409707742
Mount Pleasant West,104,1.3,28590,0.451031829,0.549143057,0.029905561,0.019237496,0.0204617,0.025533403,0.068730325,0.166316894,0.144281217,0.096712137,0.074326688,0.067855894,0.057362714,0.049317943,0.045645331,0.035501924,0.029380902,0.021511018,0.019062609,0.028506471,0.228751312,0.133788038,0.06995453,0.094963274,0.967296257,0.037775446,0.007869885,0.021336132,0.034627492,0.009094089,0.025883176,0.031479538,0.017313746,0.002973068,0.002448409,0.555884808,0.696969697,0.281237629,0.814480064
Lawrence Park North,105,2.3,14540,0.475584594,0.524415406,0.082874828,0.080467675,0.066368638,0.057771664,0.045392022,0.03610729,0.056396149,0.087001376,0.098005502,0.08562586,0.075309491,0.058803301,0.054676754,0.036451169,0.024415406,0.0196011,0.017881706,0.018569464,0.229023384,0.116231087,0.228335626,0.103507565,0.97696011,0.024415406,0.012379642,0.011348006,0.006189821,0.004126547,0.009284732,0.009628611,0.00997249,0.000687758,0.001031637,0.137509571,0.977272727,0.530441559,0.486970263
Humewood-Cedarvale,106,1.9,14110,0.456413891,0.543586109,0.055634302,0.047484054,0.042523033,0.045003544,0.077604536,0.101700921,0.093196315,0.084691708,0.078313253,0.074769667,0.068745571,0.062012757,0.054216867,0.037207654,0.026931254,0.018426648,0.016654855,0.014528703,0.228915663,0.112686038,0.145641389,0.122608079,0.969525159,0.015591779,0.024805103,0.008504607,0.003543586,0.018072289,0.009922041,0.042877392,0.055279943,0.001063076,0.001417434,0.433380639,0.651515152,0.432885688,0.529274573
Oakwood Village,107,2.2,21075,0.474733096,0.525266904,0.053380783,0.046737841,0.048873072,0.051245552,0.060498221,0.071174377,0.077342823,0.079715302,0.080664294,0.076868327,0.072360617,0.062396204,0.05480427,0.044839858,0.03890866,0.033451957,0.024199288,0.021352313,0.28113879,0.163226572,0.1485172,0.111743772,0.958718861,0.027046263,0.085883749,0.005219454,0.001897983,0.093475682,0.007829181,0.066666667,0.050771056,0.00118624,0.001660735,0.735548468,0.393939394,0.26069124,0.596158498
Briar Hill-Belgravia,108,1.8,14295,0.46100035,0.540048968,0.048618398,0.04232249,0.050017489,0.053864988,0.062259531,0.075201119,0.082546345,0.0779993,0.082196572,0.090241343,0.08324589,0.06470794,0.055264078,0.032878629,0.032528856,0.025883176,0.022385449,0.01713886,0.250437216,0.13081497,0.140608604,0.116474292,0.956977964,0.024134313,0.07135362,0.004547044,0.002798181,0.076949983,0.041972718,0.055963624,0.08324589,0.005596362,0.001748863,0.895659042,0.439393939,0.202228238,0.546900092
Caledonia-Fairbank,109,1.5,9855,0.489599188,0.509893455,0.056316591,0.04870624,0.055809234,0.065449011,0.066463724,0.077625571,0.079654997,0.069000507,0.073566717,0.085235921,0.080162354,0.063926941,0.051750381,0.037544394,0.032470827,0.02283105,0.018772197,0.014205987,0.242009132,0.125824455,0.162354135,0.132420091,0.956874683,0.011161847,0.079147641,0.00152207,0.001014713,0.278538813,0.002029427,0.077625571,0.040081177,0.002029427,0.002029427,0.793847911,0.295454545,0.216611036,0.497089398
Keelesdale-Eglinton West,110,1.7,10640,0.491071429,0.508458647,0.052161654,0.04887218,0.057330827,0.064849624,0.065319549,0.068139098,0.071428571,0.067669173,0.075657895,0.085056391,0.079887218,0.060620301,0.055451128,0.042293233,0.034304511,0.031954887,0.023496241,0.014097744,0.264097744,0.147556391,0.159774436,0.130169173,0.958176692,0.021146617,0.072838346,0.000469925,0.00093985,0.258928571,0.002349624,0.069548872,0.029135338,0.006109023,0.005639098,0.805821462,0.348484848,0.201737184,0.48434269
Rockcliffe-Smythe,111,5.1,22270,0.482712169,0.517287831,0.05792546,0.055231253,0.058599012,0.065334531,0.066008083,0.068028738,0.067355186,0.064436462,0.069824877,0.080152672,0.075437809,0.06376291,0.054782218,0.043780871,0.036147283,0.03143242,0.023798833,0.017287831,0.272563987,0.153794342,0.171531208,0.131342613,0.965424338,0.021329142,0.03143242,0.002918725,0.00246969,0.114054782,0.005388415,0.091378536,0.016389762,0.002245173,0.003592277,0.78282763,0.371212121,0.191428296,0.3897721
Beechborough-Greenbrook,112,1.8,6490,0.460708783,0.539291217,0.070107858,0.06009245,0.060862866,0.06394453,0.070107858,0.082434515,0.076271186,0.065485362,0.073959938,0.082434515,0.072419106,0.05624037,0.046995378,0.034668721,0.028505393,0.023882897,0.017719569,0.014637904,0.221109399,0.117873652,0.190292758,0.133281972,0.962249615,0.006933744,0.063174114,0.002311248,0.000770416,0.122496148,0.001540832,0.043913713,0.026194145,0.013867488,0.002311248,0.6259419,0.121212121,0.238052463,0.339458397
Weston,113,2.6,18170,0.470280682,0.529719318,0.069895432,0.054210237,0.051733627,0.060539351,0.069895432,0.078150798,0.077325261,0.069069895,0.073197578,0.079251513,0.075674188,0.067143643,0.05090809,0.035222895,0.028618602,0.022014309,0.019262521,0.017886626,0.240506329,0.123004953,0.176389653,0.130434783,0.960099064,0.012658228,0.035773253,0.002201431,0.009356081,0.036048431,0.003026968,0.077050083,0.014859659,0.017611447,0.003302146,0.584167274,0.136363636,0.151527459,0.513310336
Lambton Baby Point,114,1.7,7920,0.466540404,0.532828283,0.073863636,0.067550505,0.063762626,0.059974747,0.051136364,0.054924242,0.063762626,0.074494949,0.087121212,0.083333333,0.079545455,0.071338384,0.054924242,0.033459596,0.025883838,0.019570707,0.015782828,0.02020202,0.23989899,0.113636364,0.205808081,0.111111111,0.978535354,0.010732323,0.011994949,0.005681818,0.003787879,0.015782828,0.013257576,0.025883838,0.005050505,0,0,0.466396569,0.666666667,0.436135946,0.406785454
Mount Dennis,115,2.1,13150,0.472243346,0.527376426,0.06121673,0.06121673,0.063498099,0.070722433,0.072243346,0.07756654,0.069581749,0.065019011,0.070722433,0.087452471,0.079467681,0.060836502,0.046768061,0.034980989,0.027756654,0.017110266,0.015209125,0.017870722,0.223574144,0.115209125,0.186692015,0.141825095,0.94486692,0.02243346,0.015969582,0.013307985,0.005323194,0.060836502,0.004562738,0.098098859,0.029657795,0.004942966,0.004562738,0.711443791,0.143939394,0.147866728,0.484471987
Steeles,116,4.6,25010,0.480207917,0.520191923,0.037984806,0.037584966,0.044782087,0.06257497,0.076969212,0.076169532,0.051179528,0.053978409,0.076169532,0.082766893,0.075769692,0.072770892,0.069772091,0.047780888,0.041983207,0.035785686,0.028588565,0.027588964,0.324070372,0.181727309,0.120751699,0.139944022,0.958616553,0.629148341,0.010395842,0.003598561,0.003198721,0.00119952,0.0009996,0.003398641,0.013994402,0.010795682,0.004198321,0.910859895,0.886363636,0.238327734,0.447361437
L'Amoreaux,117,7.1,44915,0.46944228,0.530780363,0.049649338,0.046754982,0.052877658,0.06835133,0.069575866,0.068462652,0.052988979,0.062117333,0.0739174,0.086162752,0.073694757,0.065679617,0.058109763,0.043526661,0.041522877,0.036513414,0.028275632,0.022598241,0.295558277,0.17199154,0.149059334,0.13826116,0.95903373,0.335411333,0.015918958,0.00400757,0.015028387,0.002226428,0.002226428,0.007124569,0.025047312,0.081375932,0.011354781,0.95324178,0.734848485,0.192223825,0.487149605
Tam O'Shanter-Sullivan,118,5.5,27390,0.468784228,0.531398321,0.053304126,0.050383352,0.050018255,0.056955093,0.064439576,0.060788609,0.058598028,0.067542899,0.071741512,0.081416575,0.070281124,0.060423512,0.052391384,0.045089449,0.044541804,0.043446513,0.034501643,0.035414385,0.313800657,0.201533406,0.152245345,0.120664476,0.956370938,0.300109529,0.01241329,0.006206645,0.015334064,0.002555677,0.002373129,0.011500548,0.029937934,0.041986126,0.028477547,0.910340735,0.71969697,0.222349553,0.424298972
Wexford/Maryvale,119,10.2,27020,0.481680237,0.518319763,0.05292376,0.048852702,0.056624722,0.064396743,0.063286454,0.059955588,0.058105107,0.061621021,0.071798668,0.086602517,0.082716506,0.067727609,0.054219097,0.0392302,0.036639526,0.031828275,0.03330866,0.029237602,0.293486306,0.170799408,0.158586232,0.128238342,0.955958549,0.046447076,0.020910437,0.005736491,0.010362694,0.005366395,0.002405625,0.019059956,0.063101406,0.039600296,0.014803849,0.704470295,0.560606061,0.228593725,0.258471071
Clairlea-Birchmount,120,7.4,24775,0.488193744,0.511402624,0.06135217,0.052674067,0.057315843,0.063975782,0.063572149,0.069828456,0.073864783,0.07184662,0.078910192,0.089606458,0.077699294,0.062563068,0.049243189,0.031281534,0.026236125,0.024419778,0.021796165,0.023410696,0.237739657,0.126135217,0.171342079,0.127951564,0.929364279,0.072653885,0.018567104,0.002421796,0.009283552,0.004843592,0.003027245,0.014127144,0.054894046,0.021594349,0.029868819,0.732275865,0.606060606,0.209786035,0.31998674
Oakridge,121,1.8,13505,0.487967419,0.512032581,0.078119215,0.068863384,0.065531285,0.062939652,0.059977786,0.07071455,0.076638282,0.074787116,0.083302481,0.078489448,0.076638282,0.053683821,0.04109589,0.032210292,0.025175861,0.018511662,0.015179563,0.019622362,0.204368752,0.109589041,0.21325435,0.122176971,0.953720844,0.047389856,0.008885598,0.002961866,0.024805628,0.003702332,0.004072566,0.009255831,0.033691225,0.01480933,0.034061459,0.823948611,0.325757576,0.187901685,0.531965543
Birchcliffe-Cliffside,122,6,21860,0.478270814,0.521043001,0.048490393,0.047804209,0.050777676,0.062671546,0.054894785,0.051006404,0.053979872,0.064730101,0.073879231,0.096294602,0.095379689,0.079826167,0.069075938,0.043915828,0.032250686,0.026303751,0.024245197,0.024473925,0.300091491,0.151646844,0.14684355,0.117337603,0.96431839,0.033851784,0.011207685,0.000914913,0.003430924,0.005489478,0.003202196,0.010064044,0.015782251,0.004803294,0.002744739,0.197175953,0.651515152,0.282791371,0.342196576
Cliffcrest,123,7.1,15700,0.486942675,0.513375796,0.049363057,0.053503185,0.065923567,0.071656051,0.062738854,0.050318471,0.044267516,0.057643312,0.074840764,0.089808917,0.089808917,0.071974522,0.064968153,0.041401274,0.03089172,0.03343949,0.025159236,0.022611465,0.291401274,0.15477707,0.16910828,0.134076433,0.977070064,0.03566879,0.012738854,0.002547771,0.00955414,0.004140127,0.005732484,0.012738854,0.023248408,0.026433121,0.006369427,0.40798458,0.659090909,0.293236002,0.211020921
Kennedy Park,124,3.6,17050,0.480351906,0.520527859,0.057184751,0.054252199,0.060410557,0.06686217,0.062756598,0.064222874,0.062756598,0.06686217,0.07771261,0.08973607,0.080351906,0.071554252,0.052785924,0.037829912,0.031671554,0.027859238,0.021407625,0.014956012,0.258357771,0.134897361,0.172434018,0.129032258,0.953372434,0.067155425,0.018475073,0.002052786,0.011730205,0.004398827,0.001466276,0.015542522,0.076539589,0.05601173,0.013196481,0.759144174,0.515151515,0.158781321,0.411107791
Ionview,125,2,13095,0.473844979,0.525773196,0.060710195,0.054219168,0.051928217,0.058801069,0.071019473,0.074455899,0.072546774,0.067964872,0.077128675,0.086292478,0.077128675,0.063382971,0.052310042,0.038182512,0.03207331,0.025200458,0.020236732,0.013363879,0.243986254,0.128293242,0.167239404,0.130202367,0.952653685,0.06109202,0.010691103,0.0015273,0.004963727,0.003436426,0.001145475,0.012982054,0.084001527,0.082092402,0.012600229,0.730315856,0.386363636,0.178525692,0.49618819
Dorset Park,126,6,24360,0.472906404,0.527093596,0.069376026,0.059934319,0.05500821,0.061781609,0.061576355,0.069786535,0.071428571,0.073481117,0.072044335,0.082101806,0.079433498,0.062602627,0.048850575,0.033661741,0.026888342,0.026888342,0.022167488,0.022783251,0.244663383,0.133210181,0.184318555,0.122947455,0.9341133,0.098932677,0.008415435,0.002052545,0.017651888,0.002873563,0.001436782,0.011904762,0.053776683,0.121305419,0.035714286,0.874903316,0.5,0.150987732,0.370642958
Bendale,127,7.4,27870,0.48277718,0.516864011,0.054718335,0.052386078,0.051130248,0.059382849,0.074811625,0.072838177,0.066020811,0.068353068,0.068891281,0.074632221,0.068711877,0.05902404,0.054000718,0.040724794,0.03893075,0.038392537,0.030498744,0.025475422,0.287585217,0.174201651,0.15859347,0.13401507,0.939181916,0.128632939,0.010764263,0.006279153,0.015249372,0.003946896,0.001614639,0.012020093,0.051847865,0.062791532,0.034804449,0.82653126,0.583333333,0.178117922,0.350910872
Agincourt South-Malvern West,128,7.9,21990,0.483401546,0.516143702,0.049113233,0.042291951,0.052296498,0.06730332,0.074124602,0.068212824,0.0579809,0.061846294,0.072987722,0.088676671,0.080491132,0.068212824,0.060254661,0.04115507,0.038653934,0.032060027,0.025693497,0.018644839,0.284447476,0.156207367,0.143929059,0.140745794,0.962028195,0.426102774,0.018872215,0.003183265,0.007730787,0.002728513,0.00113688,0.005911778,0.022737608,0.047066849,0.01796271,0.939774753,0.71969697,0.179932334,0.271484114
Agincourt North,129,7.3,30280,0.477047556,0.523282695,0.043593131,0.044418758,0.051519155,0.066050198,0.071499339,0.070838838,0.055647292,0.056638045,0.070178336,0.087681638,0.077939234,0.069517834,0.066050198,0.047225892,0.041116248,0.033850727,0.024603699,0.021466314,0.304656539,0.169088507,0.139861295,0.137054161,0.956076618,0.485799207,0.004953765,0.00181638,0.004623514,0.002311757,0.000660502,0.004788639,0.025759577,0.093956407,0.011558785,0.92327535,0.787878788,0.202969146,0.376272683
Milliken,130,9.4,27160,0.480670103,0.519698085,0.046575847,0.044182622,0.048969072,0.06314433,0.07437408,0.075662739,0.055228277,0.062592047,0.067010309,0.081185567,0.078424153,0.076030928,0.068298969,0.042157585,0.035346097,0.031296024,0.025589102,0.025773196,0.303939617,0.159241532,0.139911635,0.136597938,0.960603829,0.598858616,0.001656848,0.001104566,0.002209131,0.000736377,0,0.002761414,0.024852725,0.05578056,0.00865243,0.888352994,0.825757576,0.209768188,0.281285664
Rouge,131,37.6,45905,0.485241259,0.514867661,0.058163599,0.058926043,0.068619976,0.075481974,0.075699815,0.07112515,0.062411502,0.061213375,0.069055658,0.080710162,0.079947718,0.073085721,0.060777693,0.039102494,0.025160658,0.017427296,0.012416948,0.011654504,0.23897179,0.105108376,0.185818538,0.150855027,0.951639255,0.031695894,0.00555495,0.001960571,0.008931489,0.002723015,0.000762444,0.006535236,0.051519442,0.155538612,0.026794467,0.630691731,0.583333333,0.230844029,0.054977173
Malvern,132,8.9,45085,0.47820783,0.521903072,0.064877454,0.067539093,0.07208606,0.077076633,0.077298436,0.075080404,0.064988355,0.06665188,0.068759011,0.078518354,0.068648109,0.060995897,0.056227127,0.039148275,0.025729178,0.018298769,0.01086836,0.006986803,0.217921703,0.100809582,0.204502606,0.154375069,0.951868692,0.063990241,0.002328934,0.001552623,0.007208606,0.002218033,0.000332705,0.009870245,0.051125652,0.138405235,0.052123766,0.732364852,0.477272727,0.138710843,0.428782878
Centennial Scarborough,133,5.4,13100,0.485114504,0.514503817,0.047709924,0.051908397,0.064122137,0.074427481,0.071755725,0.049618321,0.044656489,0.055725191,0.069465649,0.085877863,0.088167939,0.077099237,0.071755725,0.058015267,0.042748092,0.023282443,0.012977099,0.009160305,0.295801527,0.147328244,0.163740458,0.146183206,0.972900763,0.030916031,0.019083969,0.002671756,0.007251908,0.00610687,0.003053435,0.00648855,0.027480916,0.020229008,0.013358779,0.360585712,0.856060606,0.265549861,0.235359538
Highland Creek,134,5.1,13100,0.491221374,0.508396947,0.033969466,0.044656489,0.054198473,0.070992366,0.086259542,0.077862595,0.054198473,0.044656489,0.054580153,0.077480916,0.082824427,0.085877863,0.080152672,0.05648855,0.03740458,0.026335878,0.013740458,0.01870229,0.317175573,0.151526718,0.133206107,0.156870229,0.954580153,0.052290076,0.023282443,0.005343511,0.00610687,0.00648855,0.001145038,0.005343511,0.035496183,0.080916031,0.016412214,0.619447895,0.681818182,0.286237943,0.250375151
Morningside,135,5.6,17585,0.48023884,0.51976116,0.06141598,0.056582314,0.059425647,0.078191641,0.083025306,0.07108331,0.05885698,0.056297981,0.065965311,0.076485641,0.077054308,0.066818311,0.056866648,0.038100654,0.034119989,0.026727324,0.019050327,0.014785328,0.254478249,0.131361956,0.177992607,0.161785613,0.939152687,0.033266989,0.004549332,0.003980665,0.012226329,0.002274666,0.000853,0.01052033,0.061131646,0.097526301,0.034688655,0.64830001,0.378787879,0.156642965,0.30315402
West Hill,136,9.6,26550,0.47306968,0.527306968,0.059322034,0.058380414,0.068549906,0.07740113,0.070433145,0.060263653,0.054990584,0.057438795,0.072881356,0.08079096,0.078719397,0.06779661,0.057062147,0.041619586,0.033898305,0.025235405,0.01826742,0.016760829,0.260828625,0.136158192,0.186440678,0.148022599,0.955932203,0.02165725,0.012429379,0.002259887,0.016760829,0.003389831,0.002448211,0.016384181,0.037099812,0.030508475,0.016007533,0.492515973,0.340909091,0.166692806,0.269787483
Woburn,137,12.2,53350,0.487441425,0.512277413,0.065323336,0.064011246,0.063730084,0.067010309,0.075070291,0.071696345,0.071883786,0.071321462,0.071790066,0.073945642,0.06710403,0.054451734,0.044142455,0.036551078,0.033739456,0.031677601,0.022211809,0.015370197,0.237207123,0.139175258,0.192970947,0.142174321,0.95388941,0.066729147,0.008059981,0.002343018,0.020056232,0.003373946,0.00131209,0.011527648,0.038894096,0.087441425,0.032614808,0.83050033,0.46969697,0.171211259,0.390149887
Eglinton East,138,3.2,22830,0.463425318,0.536136662,0.068112133,0.065703022,0.065703022,0.067674113,0.067236093,0.063512922,0.065045992,0.066360053,0.073368375,0.076434516,0.071616294,0.061103811,0.049496277,0.037231713,0.032413491,0.026938239,0.023434078,0.018396846,0.249452475,0.137976347,0.198642138,0.134910206,0.945247481,0.040078844,0.011169514,0.002409111,0.013359615,0.003942181,0.00131406,0.014235655,0.067455103,0.120017521,0.014892685,0.742511717,0.333333333,0.148192294,0.518738861
Scarborough Village,139,3.1,16615,0.470959976,0.529040024,0.072223894,0.068612699,0.069214565,0.074631357,0.073427626,0.062293109,0.062594042,0.062894974,0.072524827,0.07703882,0.069515498,0.065001505,0.04784833,0.031597954,0.025880229,0.021667168,0.020162504,0.021667168,0.233824857,0.120373157,0.209750226,0.147156184,0.954559133,0.019861571,0.009629853,0.00210653,0.031597954,0.003009329,0.002407463,0.015046645,0.030394222,0.09780319,0.05206139,0.715132124,0.287878788,0.192579677,0.443600691
Guildwood,140,3.8,9815,0.463576159,0.536933265,0.037697402,0.044829343,0.049414162,0.057564952,0.051961284,0.040244524,0.040244524,0.052470708,0.066225166,0.072338258,0.087111564,0.079470199,0.066225166,0.057055527,0.050942435,0.058074376,0.047885889,0.042791645,0.399388691,0.253693327,0.130922058,0.109526235,0.967396842,0.018848701,0.011207336,0.003056546,0.007131941,0.004075395,0.005094244,0.009679063,0.016811004,0.007641365,0.002547122,0.26672625,0.856060606,0.240286001,0.251830274
