<?xml version='1.0'?><metadata xml:lang='en'><Esri><CreaDate>20121128</CreaDate><CreaTime>09211700</CreaTime><ArcGISFormat>1.0</ArcGISFormat><SyncOnce>TRUE</SyncOnce><DataProperties><coordRef><csUnits>Degree</csUnits><geogcsn>GCS_North_American_1927</geogcsn><projcsn>MTM_3Degree</projcsn><peXml><wktVar>&lt;ProjectedCoordinateSystem&gt;&lt;WKT&gt;PROJCS[&quot;MTM_3Degree&quot;,GEOGCS[&quot;GCS_North_American_1927&quot;,DATUM[&quot;D_North_American_1927&quot;,SPHEROID[&quot;Clarke_1866&quot;,6378206.4,294.9786982]],PRIMEM[&quot;Greenwich&quot;,0.0],UNIT[&quot;Degree&quot;,0.0174532925199433]],PROJECTION[&quot;Transverse_Mercator&quot;],PARAMETER[&quot;False_Easting&quot;,304800.0],PARAMETER[&quot;False_Northing&quot;,0.0],PARAMETER[&quot;Central_Meridian&quot;,-79.5],PARAMETER[&quot;Scale_Factor&quot;,0.9999],PARAMETER[&quot;Latitude_Of_Origin&quot;,0.0],UNIT[&quot;Meter&quot;,1.0]]&lt;/WKT&gt;&lt;XOrigin&gt;280000&lt;/XOrigin&gt;&lt;YOrigin&gt;4810000&lt;/YOrigin&gt;&lt;XYScale&gt;1000&lt;/XYScale&gt;&lt;ZOrigin&gt;0&lt;/ZOrigin&gt;&lt;ZScale&gt;1&lt;/ZScale&gt;&lt;MOrigin&gt;0&lt;/MOrigin&gt;&lt;MScale&gt;1&lt;/MScale&gt;&lt;XYTolerance&gt;.002&lt;/XYTolerance&gt;&lt;ZTolerance&gt;0&lt;/ZTolerance&gt;&lt;MTolerance&gt;0&lt;/MTolerance&gt;&lt;HighPrecision&gt;&lt;/HighPrecision&gt;&lt;/ProjectedCoordinateSystem&gt;&lt;/peXml&gt;</wktVar></peXml></coordRef></DataProperties></Esri><idinfo><citation><citeinfo><title>none</title><origin>none</origin></citeinfo></citation></idinfo><dataIdInfo><themeKeys><keyword>.</keyword></themeKeys><idPurp>Neighbourhoods based on Census Tracts.</idPurp><idAbs>Dataset contains polygon (area) features.</idAbs><idCitation><resTitle>CITYPRJ.CENSUS_NEIGHBORHOOD</resTitle></idCitation><resConst><Consts><useLimit>Source must be credited. Cannot be re-sold</useLimit></Consts></resConst><dataExt><geoEle><GeoBndBox><westBL>291000</westBL><eastBL>338000</eastBL><northBL>4860000</northBL><southBL>4824000</southBL></GeoBndBox></geoEle></dataExt></dataIdInfo><metainfo><D>99</D><langmeta>en</langmeta></metainfo><distinfo></distinfo><spdoinfo><ptvctinf><esriterm><efeatyp>Feature Class</efeatyp><efeageom>Polygon</efeageom></esriterm></ptvctinf></spdoinfo><mdContact><rpOrgName>Geospatial Competency Centre</rpOrgName><rpIndName>.</rpIndName><rpCntInfo><cntAddress><city>Toronto</city><delPoint>18 Dyas Rd,  3rd Floor</delPoint><eMailAdd>gcc@toronto.ca</eMailAdd><postCode>M3B 1V5</postCode><adminArea>ON</adminArea></cntAddress><cntPhone><voiceNum>416-392-2506</voiceNum><faxNum>416-397-4900</faxNum></cntPhone></rpCntInfo><rpPosName>.</rpPosName></mdContact><eainfo><detailed><enttyp><enttypt>Feature Class</enttypt><enttypl>CITYPRJ.CENSUS_NEIGHBORHOOD</enttypl><enttypc>140</enttypc></enttyp><attr><attrlabl>AREA_CODE</attrlabl><attalias>AREA_CODE</attalias><attrtype>VARCHAR2</attrtype><attwidth>10</attwidth><attrdef>Short code name</attrdef></attr><attr><attrlabl>AREA_NAME</attrlabl><attalias>AREA_NAME</attalias><attrtype>VARCHAR2</attrtype><attwidth>200</attwidth><attrdef>Area name</attrdef></attr><attr><attrlabl>SHAPE</attrlabl><attalias>SHAPE</attalias><attrtype>SDO_GEOMETRY</attrtype><attwidth>64</attwidth><attrdef>Geometry</attrdef></attr></detailed></eainfo><spatRepInfo><VectSpatRep><geometObjs><geoObjCnt>140</geoObjCnt></geometObjs></VectSpatRep></spatRepInfo></metadata>